{"type": "metrics", "dataset": "train", "precision": 0.9519261381725566, "balanced_accuracy": 0.8117496638509702, "recall": 0.6328042328042328, "f1_score": 0.7602339181286549}
{"type": "metrics", "dataset": "test", "precision": 0.6610169491525424, "balanced_accuracy": 0.6763404543444329, "recall": 0.4092339979013641, "f1_score": 0.5055087491898899}
{"type": "cm_matrix", "dataset": "train", "true_0": {"predicted_0": 16077, "predicted_1": 151}, "true_1": {"predicted_0": 1735, "predicted_1": 2990}}
{"type": "cm_matrix", "dataset": "test", "true_0": {"predicted_0": 6673, "predicted_1": 400}, "true_1": {"predicted_0": 1126, "predicted_1": 780}}
