{"type": "metrics", "dataset": "train", "precision": 0.9972034490794687, "balanced_accuracy": 0.9522439418255297, "recall": 0.9052253014596996, "f1_score": 0.9489909070747394}
{"type": "metrics", "dataset": "test", "precision": 0.6598290598290598, "balanced_accuracy": 0.6741363619943651, "recall": 0.4044002095337873, "f1_score": 0.5014615134784021}
{"type": "cm_matrix", "dataset": "train", "true_0": {"predicted_0": 16261, "predicted_1": 12}, "true_1": {"predicted_0": 448, "predicted_1": 4279}}
{"type": "cm_matrix", "dataset": "test", "true_0": {"predicted_0": 6693, "predicted_1": 398}, "true_1": {"predicted_0": 1137, "predicted_1": 772}}
